Time	Color	Edge	Label	
1	Blue	111;166	(111,166)
1	Blue	67;166	(67,166)
1	Blue	11;166	(11,166)
1	Blue	58;116	(58,116)
1	Blue	22;58	(22,58)
1	Blue	58;233	(58,233)
2	Blue	111;166	(111,166)
2	Blue	111;122	(111,122)
2	Blue	122;215	(122,215)
2	Blue	39;122	(39,122)
2	Blue	89;111	(89,111)
2	Blue	89;217	(89,217)
2	Blue	67;166	(67,166)
2	Blue	166;183	(166,183)
2	Blue	122;166	(122,166)
2	Blue	67;135	(67,135)
2	Blue	11;166	(11,166)
2	Blue	11;135	(11,135)
2	Blue	135;235	(135,235)
2	Blue	11;155	(11,155)
2	Blue	88;155	(88,155)
2	Blue	155;170	(155,170)
2	Blue	58;116	(58,116)
2	Blue	44;116	(44,116)
2	Blue	44;46	(44,46)
2	Blue	44;239	(44,239)
2	Blue	116;219	(116,219)
2	Blue	22;219	(22,219)
2	Blue	74;219	(74,219)
2	Blue	22;58	(22,58)
2	Blue	22;41	(22,41)
2	Blue	41;233	(41,233)
2	Blue	41;222	(41,222)
2	Blue	58;233	(58,233)
2	Blue	41;58	(41,58)
2	Blue	58;127	(58,127)
3	Blue	111;166	(111,166)
3	Blue	111;122	(111,122)
3	Blue	215;248	(215,248)
3	Blue	117;234	(117,234)
3	Blue	33;198	(33,198)
3	Blue	33;228	(33,228)
3	Blue	89;111	(89,111)
3	Blue	111;161	(111,161)
3	Blue	23;161	(23,161)
3	Blue	23;162	(23,162)
3	Blue	234;248	(234,248)
3	Blue	161;248	(161,248)
3	Blue	89;217	(89,217)
3	Blue	154;182	(154,182)
3	Blue	24;182	(24,182)
3	Blue	24;217	(24,217)
3	Blue	144;217	(144,217)
3	Blue	67;166	(67,166)
3	Blue	15;183	(15,183)
3	Blue	174;217	(174,217)
3	Blue	166;183	(166,183)
3	Blue	122;215	(122,215)
3	Blue	111;215	(111,215)
3	Blue	33;160	(33,160)
3	Blue	160;215	(160,215)
3	Blue	135;166	(135,166)
3	Blue	67;135	(67,135)
3	Blue	11;135	(11,135)
3	Blue	11;122	(11,122)
3	Blue	111;162	(111,162)
3	Blue	135;235	(135,235)
3	Blue	88;235	(88,235)
3	Blue	11;88	(11,88)
3	Blue	61;235	(61,235)
3	Blue	61;82	(61,82)
3	Blue	15;82	(15,82)
3	Blue	82;135	(82,135)
3	Blue	6;61	(6,61)
3	Blue	6;53	(6,53)
3	Blue	6;167	(6,167)
3	Blue	11;155	(11,155)
3	Blue	88;155	(88,155)
3	Blue	33;170	(33,170)
3	Blue	67;155	(67,155)
3	Blue	67;88	(67,88)
3	Blue	15;174	(15,174)
3	Blue	155;170	(155,170)
3	Blue	122;170	(122,170)
3	Blue	39;122	(39,122)
3	Blue	39;160	(39,160)
3	Blue	39;135	(39,135)
3	Blue	11;170	(11,170)
3	Blue	11;166	(11,166)
3	Blue	122;166	(122,166)
3	Blue	162;166	(162,166)
3	Blue	15;67	(15,67)
3	Blue	11;67	(11,67)
3	Blue	58;116	(58,116)
3	Blue	44;116	(44,116)
3	Blue	44;46	(44,46)
3	Blue	46;104	(46,104)
3	Blue	104;201	(104,201)
3	Blue	201;204	(201,204)
3	Blue	46;75	(46,75)
3	Blue	46;231	(46,231)
3	Blue	65;104	(65,104)
3	Blue	65;75	(65,75)
3	Blue	130;239	(130,239)
3	Blue	59;239	(59,239)
3	Blue	44;239	(44,239)
3	Blue	59;242	(59,242)
3	Blue	199;242	(199,242)
3	Blue	118;242	(118,242)
3	Blue	116;219	(116,219)
3	Blue	22;219	(22,219)
3	Blue	49;60	(49,60)
3	Blue	74;225	(74,225)
3	Blue	152;239	(152,239)
3	Blue	152;225	(152,225)
3	Blue	118;184	(118,184)
3	Blue	118;225	(118,225)
3	Blue	74;130	(74,130)
3	Blue	222;249	(222,249)
3	Blue	22;58	(22,58)
3	Blue	22;41	(22,41)
3	Blue	41;233	(41,233)
3	Blue	41;45	(41,45)
3	Blue	18;45	(18,45)
3	Blue	45;233	(45,233)
3	Blue	4;222	(4,222)
3	Blue	238;243	(238,243)
3	Blue	4;238	(4,238)
3	Blue	142;221	(142,221)
3	Blue	49;243	(49,243)
3	Blue	58;233	(58,233)
3	Blue	41;58	(41,58)
3	Blue	58;219	(58,219)
3	Blue	74;219	(74,219)
3	Blue	219;249	(219,249)
3	Blue	41;222	(41,222)
3	Blue	143;222	(143,222)
3	Blue	142;143	(142,143)
3	Blue	143;243	(143,243)
3	Blue	222;230	(222,230)
3	Blue	45;230	(45,230)
3	Blue	4;230	(4,230)
3	Blue	58;127	(58,127)
3	Blue	127;141	(127,141)
3	Blue	141;146	(141,146)
3	Blue	146;196	(146,196)
3	Blue	146;231	(146,231)
3	Blue	116;127	(116,127)
3	Blue	127;233	(127,233)
3	Blue	22;243	(22,243)
3	Blue	22;116	(22,116)
4	Blue	111;166	(111,166)
4	Blue	111;122	(111,122)
4	Blue	215;248	(215,248)
4	Blue	117;234	(117,234)
4	Blue	117;237	(117,237)
4	Blue	23;217	(23,217)
4	Blue	139;248	(139,248)
4	Blue	33;198	(33,198)
4	Blue	108;198	(108,198)
4	Blue	30;228	(30,228)
4	Blue	89;111	(89,111)
4	Blue	111;161	(111,161)
4	Blue	23;161	(23,161)
4	Blue	234;248	(234,248)
4	Blue	228;234	(228,234)
4	Blue	161;248	(161,248)
4	Blue	78;161	(78,161)
4	Blue	154;182	(154,182)
4	Blue	154;191	(154,191)
4	Blue	24;182	(24,182)
4	Blue	24;217	(24,217)
4	Blue	24;73	(24,73)
4	Blue	14;144	(14,144)
4	Blue	67;166	(67,166)
4	Blue	15;183	(15,183)
4	Blue	174;217	(174,217)
4	Blue	144;217	(144,217)
4	Blue	89;217	(89,217)
4	Blue	166;183	(166,183)
4	Blue	122;215	(122,215)
4	Blue	33;160	(33,160)
4	Blue	111;215	(111,215)
4	Blue	215;228	(215,228)
4	Blue	183;235	(183,235)
4	Blue	67;135	(67,135)
4	Blue	11;135	(11,135)
4	Blue	11;122	(11,122)
4	Blue	3;39	(3,39)
4	Blue	111;162	(111,162)
4	Blue	135;235	(135,235)
4	Blue	88;235	(88,235)
4	Blue	11;88	(11,88)
4	Blue	61;235	(61,235)
4	Blue	61;82	(61,82)
4	Blue	15;82	(15,82)
4	Blue	82;135	(82,135)
4	Blue	6;61	(6,61)
4	Blue	6;53	(6,53)
4	Blue	53;72	(53,72)
4	Blue	53;54	(53,54)
4	Blue	54;167	(54,167)
4	Blue	6;167	(6,167)
4	Blue	11;155	(11,155)
4	Blue	88;155	(88,155)
4	Blue	33;228	(33,228)
4	Blue	33;170	(33,170)
4	Blue	67;155	(67,155)
4	Blue	154;174	(154,174)
4	Blue	67;88	(67,88)
4	Blue	155;170	(155,170)
4	Blue	39;122	(39,122)
4	Blue	160;215	(160,215)
4	Blue	39;160	(39,160)
4	Blue	135;166	(135,166)
4	Blue	39;135	(39,135)
4	Blue	11;170	(11,170)
4	Blue	11;166	(11,166)
4	Blue	122;166	(122,166)
4	Blue	122;170	(122,170)
4	Blue	162;166	(162,166)
4	Blue	23;162	(23,162)
4	Blue	15;67	(15,67)
4	Blue	15;174	(15,174)
4	Blue	15;54	(15,54)
4	Blue	11;67	(11,67)
4	Blue	11;111	(11,111)
4	Blue	58;116	(58,116)
4	Blue	44;116	(44,116)
4	Blue	44;46	(44,46)
4	Blue	46;104	(46,104)
4	Blue	104;201	(104,201)
4	Blue	201;204	(201,204)
4	Blue	32;204	(32,204)
4	Blue	46;75	(46,75)
4	Blue	65;104	(65,104)
4	Blue	65;75	(65,75)
4	Blue	75;86	(75,86)
4	Blue	130;239	(130,239)
4	Blue	59;239	(59,239)
4	Blue	59;219	(59,219)
4	Blue	44;219	(44,219)
4	Blue	59;242	(59,242)
4	Blue	199;242	(199,242)
4	Blue	32;199	(32,199)
4	Blue	199;201	(199,201)
4	Blue	118;242	(118,242)
4	Blue	116;219	(116,219)
4	Blue	22;219	(22,219)
4	Blue	49;60	(49,60)
4	Blue	60;140	(60,140)
4	Blue	60;222	(60,222)
4	Blue	74;225	(74,225)
4	Blue	152;239	(152,239)
4	Blue	44;239	(44,239)
4	Blue	104;239	(104,239)
4	Blue	152;225	(152,225)
4	Blue	118;184	(118,184)
4	Blue	91;184	(91,184)
4	Blue	29;184	(29,184)
4	Blue	118;225	(118,225)
4	Blue	26;225	(26,225)
4	Blue	46;130	(46,130)
4	Blue	222;249	(222,249)
4	Blue	22;58	(22,58)
4	Blue	22;41	(22,41)
4	Blue	41;233	(41,233)
4	Blue	41;45	(41,45)
4	Blue	41;55	(41,55)
4	Blue	18;230	(18,230)
4	Blue	18;207	(18,207)
4	Blue	44;127	(44,127)
4	Blue	4;222	(4,222)
4	Blue	238;243	(238,243)
4	Blue	142;221	(142,221)
4	Blue	143;221	(143,221)
4	Blue	188;221	(188,221)
4	Blue	60;143	(60,143)
4	Blue	49;243	(49,243)
4	Blue	49;192	(49,192)
4	Blue	22;222	(22,222)
4	Blue	58;233	(58,233)
4	Blue	41;58	(41,58)
4	Blue	58;219	(58,219)
4	Blue	74;219	(74,219)
4	Blue	74;130	(74,130)
4	Blue	74;211	(74,211)
4	Blue	219;249	(219,249)
4	Blue	211;249	(211,249)
4	Blue	41;222	(41,222)
4	Blue	143;222	(143,222)
4	Blue	142;143	(142,143)
4	Blue	142;178	(142,178)
4	Blue	222;230	(222,230)
4	Blue	18;45	(18,45)
4	Blue	45;230	(45,230)
4	Blue	4;230	(4,230)
4	Blue	4;238	(4,238)
4	Blue	4;249	(4,249)
4	Blue	58;127	(58,127)
4	Blue	127;141	(127,141)
4	Blue	141;146	(141,146)
4	Blue	146;196	(146,196)
4	Blue	86;196	(86,196)
4	Blue	146;231	(146,231)
4	Blue	158;231	(158,231)
4	Blue	46;231	(46,231)
4	Blue	116;127	(116,127)
4	Blue	127;233	(127,233)
4	Blue	45;233	(45,233)
4	Blue	221;233	(221,233)
4	Blue	22;243	(22,243)
4	Blue	143;243	(143,243)
4	Blue	22;116	(22,116)
4	Blue	75;116	(75,116)
5	Blue	111;166	(111,166)
5	Blue	111;122	(111,122)
5	Blue	215;248	(215,248)
5	Blue	117;234	(117,234)
5	Blue	33;198	(33,198)
5	Blue	33;228	(33,228)
5	Blue	89;111	(89,111)
5	Blue	111;161	(111,161)
5	Blue	23;161	(23,161)
5	Blue	23;162	(23,162)
5	Blue	234;248	(234,248)
5	Blue	161;248	(161,248)
5	Blue	89;217	(89,217)
5	Blue	154;182	(154,182)
5	Blue	24;182	(24,182)
5	Blue	24;217	(24,217)
5	Blue	144;217	(144,217)
5	Blue	67;166	(67,166)
5	Blue	15;183	(15,183)
5	Blue	174;217	(174,217)
5	Blue	166;183	(166,183)
5	Blue	122;215	(122,215)
5	Blue	111;215	(111,215)
5	Blue	33;160	(33,160)
5	Blue	160;215	(160,215)
5	Blue	135;166	(135,166)
5	Blue	67;135	(67,135)
5	Blue	11;135	(11,135)
5	Blue	11;122	(11,122)
5	Blue	111;162	(111,162)
5	Blue	135;235	(135,235)
5	Blue	88;235	(88,235)
5	Blue	11;88	(11,88)
5	Blue	61;235	(61,235)
5	Blue	61;82	(61,82)
5	Blue	15;82	(15,82)
5	Blue	82;135	(82,135)
5	Blue	6;61	(6,61)
5	Blue	6;53	(6,53)
5	Blue	6;167	(6,167)
5	Blue	11;155	(11,155)
5	Blue	88;155	(88,155)
5	Blue	33;170	(33,170)
5	Blue	67;155	(67,155)
5	Blue	67;88	(67,88)
5	Blue	15;174	(15,174)
5	Blue	155;170	(155,170)
5	Blue	122;170	(122,170)
5	Blue	39;122	(39,122)
5	Blue	39;160	(39,160)
5	Blue	39;135	(39,135)
5	Blue	11;170	(11,170)
5	Blue	11;166	(11,166)
5	Blue	122;166	(122,166)
5	Blue	162;166	(162,166)
5	Blue	15;67	(15,67)
5	Blue	11;67	(11,67)
5	Blue	58;116	(58,116)
5	Blue	44;116	(44,116)
5	Blue	44;46	(44,46)
5	Blue	46;104	(46,104)
5	Blue	104;201	(104,201)
5	Blue	201;204	(201,204)
5	Blue	46;75	(46,75)
5	Blue	46;231	(46,231)
5	Blue	65;104	(65,104)
5	Blue	65;75	(65,75)
5	Blue	130;239	(130,239)
5	Blue	59;239	(59,239)
5	Blue	44;239	(44,239)
5	Blue	59;242	(59,242)
5	Blue	199;242	(199,242)
5	Blue	118;242	(118,242)
5	Blue	116;219	(116,219)
5	Blue	22;219	(22,219)
5	Blue	49;60	(49,60)
5	Blue	74;225	(74,225)
5	Blue	152;239	(152,239)
5	Blue	152;225	(152,225)
5	Blue	118;184	(118,184)
5	Blue	118;225	(118,225)
5	Blue	74;130	(74,130)
5	Blue	222;249	(222,249)
5	Blue	22;58	(22,58)
5	Blue	22;41	(22,41)
5	Blue	41;233	(41,233)
5	Blue	41;45	(41,45)
5	Blue	18;45	(18,45)
5	Blue	45;233	(45,233)
5	Blue	4;222	(4,222)
5	Blue	238;243	(238,243)
5	Blue	4;238	(4,238)
5	Blue	142;221	(142,221)
5	Blue	49;243	(49,243)
5	Blue	58;233	(58,233)
5	Blue	41;58	(41,58)
5	Blue	58;219	(58,219)
5	Blue	74;219	(74,219)
5	Blue	219;249	(219,249)
5	Blue	41;222	(41,222)
5	Blue	143;222	(143,222)
5	Blue	142;143	(142,143)
5	Blue	143;243	(143,243)
5	Blue	222;230	(222,230)
5	Blue	45;230	(45,230)
5	Blue	4;230	(4,230)
5	Blue	58;127	(58,127)
5	Blue	127;141	(127,141)
5	Blue	141;146	(141,146)
5	Blue	146;196	(146,196)
5	Blue	146;231	(146,231)
5	Blue	116;127	(116,127)
5	Blue	127;233	(127,233)
5	Blue	22;243	(22,243)
5	Blue	22;116	(22,116)
6	Blue	111;166	(111,166)
6	Blue	111;122	(111,122)
6	Blue	122;215	(122,215)
6	Blue	39;122	(39,122)
6	Blue	89;111	(89,111)
6	Blue	89;217	(89,217)
6	Blue	67;166	(67,166)
6	Blue	166;183	(166,183)
6	Blue	122;166	(122,166)
6	Blue	67;135	(67,135)
6	Blue	11;166	(11,166)
6	Blue	11;135	(11,135)
6	Blue	135;235	(135,235)
6	Blue	11;155	(11,155)
6	Blue	88;155	(88,155)
6	Blue	155;170	(155,170)
6	Blue	58;116	(58,116)
6	Blue	44;116	(44,116)
6	Blue	44;46	(44,46)
6	Blue	44;239	(44,239)
6	Blue	116;219	(116,219)
6	Blue	22;219	(22,219)
6	Blue	74;219	(74,219)
6	Blue	22;58	(22,58)
6	Blue	22;41	(22,41)
6	Blue	41;233	(41,233)
6	Blue	41;222	(41,222)
6	Blue	58;233	(58,233)
6	Blue	41;58	(41,58)
6	Blue	58;127	(58,127)
7	Blue	111;166	(111,166)
7	Blue	67;166	(67,166)
7	Blue	11;166	(11,166)
7	Blue	58;116	(58,116)
7	Blue	22;58	(22,58)
7	Blue	58;233	(58,233)
7	Blue	141;244	(141,244)
7	Blue	141;233	(141,233)
7	Blue	55;141	(55,141)
7	Blue	0;141	(0,141)
7	Blue	127;141	(127,141)
7	Blue	141;146	(141,146)
7	Blue	144;226	(144,226)
7	Blue	112;226	(112,226)
7	Blue	14;226	(14,226)
7	Blue	47;226	(47,226)
7	Blue	186;226	(186,226)
7	Blue	100;226	(100,226)
7	Blue	32;223	(32,223)
7	Blue	32;40	(32,40)
7	Blue	32;120	(32,120)
7	Blue	32;232	(32,232)
7	Blue	79;214	(79,214)
7	Blue	65;214	(65,214)
7	Blue	158;214	(158,214)
7	Blue	104;214	(104,214)
7	Blue	10;216	(10,216)
7	Blue	10;109	(10,109)
7	Blue	10;175	(10,175)
7	Blue	10;123	(10,123)
7	Blue	10;99	(10,99)
7	Blue	10;151	(10,151)
7	Blue	132;224	(132,224)
7	Blue	56;132	(56,132)
7	Blue	66;132	(66,132)
7	Blue	132;137	(132,137)
7	Blue	113;132	(113,132)
7	Blue	121;211	(121,211)
7	Blue	121;156	(121,156)
7	Blue	121;197	(121,197)
7	Blue	26;121	(26,121)
7	Blue	157;165	(157,165)
7	Blue	165;168	(165,168)
7	Blue	72;165	(72,165)
7	Blue	150;165	(150,165)
7	Blue	165;213	(165,213)
7	Blue	63;185	(63,185)
7	Blue	63;241	(63,241)
7	Blue	19;63	(19,63)
7	Blue	63;182	(63,182)
7	Blue	25;220	(25,220)
7	Blue	43;220	(43,220)
7	Blue	84;220	(84,220)
7	Blue	71;220	(71,220)
7	Blue	198;228	(198,228)
7	Blue	198;237	(198,237)
7	Blue	117;198	(117,198)
7	Blue	30;198	(30,198)
7	Blue	133;198	(133,198)
7	Blue	33;198	(33,198)
7	Blue	88;135	(88,135)
7	Blue	135;155	(135,155)
7	Blue	67;135	(67,135)
7	Blue	11;135	(11,135)
7	Blue	135;235	(135,235)
7	Blue	135;166	(135,166)
7	Blue	86;231	(86,231)
7	Blue	86;149	(86,149)
7	Blue	86;146	(86,146)
7	Blue	52;86	(52,86)
7	Blue	86;196	(86,196)
7	Blue	75;86	(75,86)
7	Blue	34;200	(34,200)
7	Blue	7;34	(7,34)
7	Blue	34;180	(34,180)
7	Blue	34;37	(34,37)
7	Blue	91;189	(91,189)
7	Blue	184;189	(184,189)
7	Blue	189;240	(189,240)
7	Blue	90;189	(90,189)
7	Blue	59;74	(59,74)
7	Blue	59;225	(59,225)
7	Blue	59;152	(59,152)
7	Blue	59;130	(59,130)
7	Blue	5;21	(5,21)
7	Blue	21;92	(21,92)
7	Blue	13;21	(13,21)
7	Blue	21;145	(21,145)
7	Blue	21;68	(21,68)
7	Blue	35;136	(35,136)
7	Blue	8;136	(8,136)
7	Blue	98;136	(98,136)
7	Blue	2;136	(2,136)
7	Blue	42;124	(42,124)
7	Blue	42;62	(42,62)
7	Blue	42;203	(42,203)
7	Blue	42;48	(42,48)
7	Blue	42;97	(42,97)
7	Blue	42;102	(42,102)
7	Blue	77;206	(77,206)
7	Blue	204;206	(204,206)
7	Blue	201;206	(201,206)
7	Blue	114;206	(114,206)
7	Blue	6;247	(6,247)
7	Blue	6;28	(6,28)
7	Blue	6;54	(6,54)
7	Blue	6;61	(6,61)
7	Blue	6;53	(6,53)
7	Blue	24;191	(24,191)
7	Blue	24;154	(24,154)
7	Blue	24;96	(24,96)
7	Blue	24;51	(24,51)
7	Blue	24;182	(24,182)
7	Blue	24;217	(24,217)
7	Blue	89;162	(89,162)
7	Blue	162;183	(162,183)
7	Blue	162;174	(162,174)
7	Blue	162;217	(162,217)
7	Blue	107;193	(107,193)
7	Blue	107;212	(107,212)
7	Blue	107;164	(107,164)
7	Blue	107;181	(107,181)
7	Blue	122;160	(122,160)
7	Blue	160;170	(160,170)
7	Blue	3;160	(3,160)
7	Blue	108;160	(108,160)
7	Blue	172;195	(172,195)
7	Blue	129;195	(129,195)
7	Blue	169;195	(169,195)
7	Blue	31;195	(31,195)
8	Blue	141;244	(141,244)
8	Blue	141;233	(141,233)
8	Blue	55;141	(55,141)
8	Blue	0;141	(0,141)
8	Blue	127;141	(127,141)
8	Blue	144;226	(144,226)
8	Blue	112;226	(112,226)
8	Blue	14;226	(14,226)
8	Blue	47;226	(47,226)
8	Blue	186;226	(186,226)
8	Blue	32;223	(32,223)
8	Blue	32;40	(32,40)
8	Blue	32;120	(32,120)
8	Blue	32;232	(32,232)
8	Blue	32;159	(32,159)
8	Blue	79;214	(79,214)
8	Blue	65;214	(65,214)
8	Blue	158;214	(158,214)
8	Blue	104;214	(104,214)
8	Blue	10;216	(10,216)
8	Blue	10;109	(10,109)
8	Blue	10;175	(10,175)
8	Blue	10;123	(10,123)
8	Blue	10;99	(10,99)
8	Blue	10;151	(10,151)
8	Blue	132;224	(132,224)
8	Blue	56;132	(56,132)
8	Blue	66;132	(66,132)
8	Blue	132;137	(132,137)
8	Blue	121;211	(121,211)
8	Blue	121;156	(121,156)
8	Blue	121;197	(121,197)
8	Blue	26;121	(26,121)
8	Blue	121;131	(121,131)
8	Blue	157;165	(157,165)
8	Blue	165;168	(165,168)
8	Blue	72;165	(72,165)
8	Blue	150;165	(150,165)
8	Blue	165;213	(165,213)
8	Blue	112;165	(112,165)
8	Blue	63;185	(63,185)
8	Blue	63;241	(63,241)
8	Blue	19;63	(19,63)
8	Blue	63;182	(63,182)
8	Blue	63;163	(63,163)
8	Blue	25;220	(25,220)
8	Blue	43;220	(43,220)
8	Blue	84;220	(84,220)
8	Blue	71;220	(71,220)
8	Blue	198;228	(198,228)
8	Blue	198;237	(198,237)
8	Blue	117;198	(117,198)
8	Blue	30;198	(30,198)
8	Blue	133;198	(133,198)
8	Blue	88;135	(88,135)
8	Blue	135;155	(135,155)
8	Blue	67;135	(67,135)
8	Blue	11;135	(11,135)
8	Blue	135;235	(135,235)
8	Blue	135;166	(135,166)
8	Blue	86;231	(86,231)
8	Blue	86;149	(86,149)
8	Blue	86;146	(86,146)
8	Blue	52;86	(52,86)
8	Blue	86;196	(86,196)
8	Blue	75;86	(75,86)
8	Blue	34;200	(34,200)
8	Blue	7;34	(7,34)
8	Blue	34;180	(34,180)
8	Blue	34;37	(34,37)
8	Blue	34;179	(34,179)
8	Blue	27;34	(27,34)
8	Blue	91;189	(91,189)
8	Blue	184;189	(184,189)
8	Blue	189;240	(189,240)
8	Blue	90;189	(90,189)
8	Blue	118;189	(118,189)
8	Blue	59;74	(59,74)
8	Blue	59;225	(59,225)
8	Blue	59;152	(59,152)
8	Blue	59;130	(59,130)
8	Blue	59;239	(59,239)
8	Blue	5;21	(5,21)
8	Blue	21;92	(21,92)
8	Blue	13;21	(13,21)
8	Blue	21;145	(21,145)
8	Blue	21;68	(21,68)
8	Blue	21;194	(21,194)
8	Blue	35;136	(35,136)
8	Blue	8;136	(8,136)
8	Blue	98;136	(98,136)
8	Blue	2;136	(2,136)
8	Blue	136;176	(136,176)
8	Blue	136;236	(136,236)
8	Blue	42;124	(42,124)
8	Blue	42;62	(42,62)
8	Blue	42;203	(42,203)
8	Blue	42;48	(42,48)
8	Blue	77;206	(77,206)
8	Blue	204;206	(204,206)
8	Blue	201;206	(201,206)
8	Blue	114;206	(114,206)
8	Blue	38;206	(38,206)
8	Blue	6;247	(6,247)
8	Blue	6;28	(6,28)
8	Blue	6;54	(6,54)
8	Blue	6;61	(6,61)
8	Blue	6;53	(6,53)
8	Blue	24;191	(24,191)
8	Blue	24;154	(24,154)
8	Blue	24;96	(24,96)
8	Blue	24;51	(24,51)
8	Blue	24;182	(24,182)
9	Blue	141;244	(141,244)
9	Blue	141;233	(141,233)
9	Blue	55;141	(55,141)
9	Blue	0;141	(0,141)
9	Blue	127;141	(127,141)
9	Blue	144;226	(144,226)
9	Blue	112;226	(112,226)
9	Blue	14;226	(14,226)
9	Blue	47;226	(47,226)
9	Blue	32;223	(32,223)
9	Blue	32;40	(32,40)
9	Blue	32;120	(32,120)
9	Blue	32;232	(32,232)
9	Blue	32;159	(32,159)
9	Blue	79;214	(79,214)
9	Blue	65;214	(65,214)
9	Blue	158;214	(158,214)
9	Blue	104;214	(104,214)
9	Blue	10;216	(10,216)
9	Blue	10;109	(10,109)
9	Blue	10;175	(10,175)
9	Blue	10;123	(10,123)
9	Blue	10;99	(10,99)
9	Blue	10;151	(10,151)
9	Blue	132;224	(132,224)
9	Blue	56;132	(56,132)
9	Blue	66;132	(66,132)
9	Blue	132;137	(132,137)
9	Blue	113;132	(113,132)
9	Blue	95;132	(95,132)
9	Blue	121;211	(121,211)
9	Blue	121;156	(121,156)
9	Blue	121;197	(121,197)
9	Blue	26;121	(26,121)
9	Blue	157;165	(157,165)
9	Blue	165;168	(165,168)
9	Blue	72;165	(72,165)
9	Blue	150;165	(150,165)
9	Blue	165;213	(165,213)
9	Blue	112;165	(112,165)
9	Blue	63;185	(63,185)
9	Blue	63;241	(63,241)
9	Blue	19;63	(19,63)
9	Blue	63;182	(63,182)
9	Blue	63;163	(63,163)
9	Blue	25;220	(25,220)
9	Blue	43;220	(43,220)
9	Blue	84;220	(84,220)
9	Blue	71;220	(71,220)
9	Blue	9;220	(9,220)
9	Blue	20;220	(20,220)
9	Blue	198;228	(198,228)
9	Blue	198;237	(198,237)
9	Blue	117;198	(117,198)
9	Blue	30;198	(30,198)
9	Blue	133;198	(133,198)
9	Blue	88;135	(88,135)
9	Blue	135;155	(135,155)
9	Blue	67;135	(67,135)
9	Blue	11;135	(11,135)
9	Blue	135;235	(135,235)
9	Blue	86;231	(86,231)
9	Blue	86;149	(86,149)
9	Blue	86;146	(86,146)
9	Blue	52;86	(52,86)
9	Blue	34;200	(34,200)
9	Blue	7;34	(7,34)
9	Blue	34;180	(34,180)
9	Blue	34;37	(34,37)
9	Blue	34;179	(34,179)
9	Blue	27;34	(27,34)
9	Blue	91;189	(91,189)
9	Blue	184;189	(184,189)
9	Blue	189;240	(189,240)
9	Blue	90;189	(90,189)
9	Blue	59;74	(59,74)
9	Blue	59;225	(59,225)
9	Blue	59;152	(59,152)
9	Blue	59;130	(59,130)
9	Blue	59;239	(59,239)
9	Blue	59;242	(59,242)
9	Blue	5;21	(5,21)
9	Blue	21;92	(21,92)
9	Blue	13;21	(13,21)
9	Blue	21;145	(21,145)
9	Blue	21;68	(21,68)
9	Blue	35;136	(35,136)
9	Blue	8;136	(8,136)
9	Blue	98;136	(98,136)
9	Blue	2;136	(2,136)
10	Blue	32;223	(32,223)
10	Blue	204;223	(204,223)
10	Blue	204;206	(204,206)
10	Blue	16;50	(16,50)
10	Blue	148;171	(148,171)
10	Blue	114;206	(114,206)
10	Blue	38;148	(38,148)
10	Blue	38;206	(38,206)
10	Blue	114;218	(114,218)
10	Blue	16;114	(16,114)
10	Blue	78;94	(78,94)
10	Blue	94;218	(94,218)
10	Blue	181;223	(181,223)
10	Blue	107;181	(107,181)
10	Blue	50;107	(50,107)
10	Blue	164;181	(164,181)
10	Blue	50;164	(50,164)
10	Blue	50;212	(50,212)
10	Blue	66;212	(66,212)
10	Blue	193;212	(193,212)
10	Blue	34;180	(34,180)
10	Blue	29;179	(29,179)
10	Blue	179;180	(179,180)
10	Blue	27;29	(27,29)
10	Blue	37;180	(37,180)
10	Blue	180;181	(180,181)
10	Blue	34;37	(34,37)
10	Blue	34;179	(34,179)
10	Blue	27;34	(27,34)
10	Blue	32;40	(32,40)
10	Blue	40;199	(40,199)
10	Blue	115;201	(115,201)
10	Blue	104;201	(104,201)
10	Blue	65;104	(65,104)
10	Blue	114;204	(114,204)
10	Blue	201;204	(201,204)
10	Blue	40;242	(40,242)
10	Blue	199;242	(199,242)
10	Blue	118;242	(118,242)
10	Blue	118;184	(118,184)
10	Blue	118;225	(118,225)
10	Blue	115;199	(115,199)
10	Blue	32;199	(32,199)
10	Blue	64;115	(64,115)
10	Blue	64;206	(64,206)
10	Blue	32;120	(32,120)
10	Blue	120;232	(120,232)
10	Blue	17;29	(17,29)
10	Blue	17;232	(17,232)
10	Blue	29;232	(29,232)
10	Blue	40;177	(40,177)
10	Blue	177;189	(177,189)
10	Blue	118;189	(118,189)
10	Blue	17;189	(17,189)
10	Blue	120;159	(120,159)
10	Blue	27;159	(27,159)
10	Blue	27;93	(27,93)
10	Blue	93;200	(93,200)
10	Blue	159;200	(159,200)
10	Blue	7;200	(7,200)
10	Blue	29;120	(29,120)
10	Blue	93;120	(93,120)
10	Blue	40;232	(40,232)
10	Blue	40;64	(40,64)
10	Blue	32;232	(32,232)
10	Blue	32;159	(32,159)
10	Blue	32;181	(32,181)
10	Blue	159;223	(159,223)
10	Blue	64;223	(64,223)
10	Blue	172;195	(172,195)
10	Blue	129;195	(129,195)
10	Blue	35;129	(35,129)
10	Blue	20;220	(20,220)
10	Blue	35;43	(35,43)
10	Blue	98;208	(98,208)
10	Blue	35;98	(35,98)
10	Blue	20;43	(20,43)
10	Blue	31;195	(31,195)
10	Blue	43;129	(43,129)
10	Blue	31;129	(31,129)
10	Blue	9;31	(9,31)
10	Blue	9;209	(9,209)
10	Blue	9;220	(9,220)
10	Blue	2;136	(2,136)
10	Blue	136;236	(136,236)
10	Blue	99;236	(99,236)
10	Blue	194;236	(194,236)
10	Blue	8;98	(8,98)
10	Blue	106;172	(106,172)
10	Blue	169;195	(169,195)
10	Blue	136;176	(136,176)
10	Blue	176;195	(176,195)
10	Blue	195;241	(195,241)
10	Blue	5;92	(5,92)
10	Blue	8;92	(8,92)
10	Blue	182;185	(182,185)
10	Blue	106;246	(106,246)
10	Blue	5;246	(5,246)
10	Blue	68;106	(68,106)
10	Blue	13;68	(13,68)
10	Blue	5;13	(5,13)
10	Blue	5;128	(5,128)
10	Blue	72;128	(72,128)
10	Blue	83;172	(83,172)
10	Blue	83;241	(83,241)
10	Blue	63;163	(63,163)
10	Blue	163;185	(163,185)
10	Blue	96;147	(96,147)
10	Blue	63;96	(63,96)
10	Blue	163;241	(163,241)
10	Blue	2;92	(2,92)
10	Blue	2;169	(2,169)
10	Blue	169;172	(169,172)
10	Blue	172;241	(172,241)
10	Blue	68;172	(68,172)
10	Blue	19;63	(19,63)
10	Blue	19;241	(19,241)
10	Blue	83;213	(83,213)
10	Blue	150;165	(150,165)
10	Blue	112;150	(112,150)
10	Blue	112;165	(112,165)
10	Blue	165;213	(165,213)
10	Blue	47;213	(47,213)
10	Blue	47;83	(47,83)
10	Blue	128;246	(128,246)
10	Blue	213;246	(213,246)
10	Blue	47;226	(47,226)
10	Blue	144;186	(144,186)
10	Blue	186;226	(186,226)
10	Blue	100;226	(100,226)
10	Blue	100;183	(100,183)
11	Blue	32;223	(32,223)
11	Blue	204;223	(204,223)
11	Blue	204;206	(204,206)
11	Blue	23;94	(23,94)
11	Blue	16;50	(16,50)
11	Blue	148;171	(148,171)
11	Blue	139;171	(139,171)
11	Blue	85;171	(85,171)
11	Blue	38;201	(38,201)
11	Blue	114;206	(114,206)
11	Blue	38;148	(38,148)
11	Blue	73;148	(73,148)
11	Blue	38;206	(38,206)
11	Blue	114;218	(114,218)
11	Blue	16;234	(16,234)
11	Blue	78;94	(78,94)
11	Blue	78;161	(78,161)
11	Blue	78;228	(78,228)
11	Blue	94;218	(94,218)
11	Blue	181;223	(181,223)
11	Blue	107;181	(107,181)
11	Blue	50;107	(50,107)
11	Blue	50;164	(50,164)
11	Blue	50;218	(50,218)
11	Blue	50;212	(50,212)
11	Blue	66;212	(66,212)
11	Blue	66;81	(66,81)
11	Blue	193;212	(193,212)
11	Blue	159;193	(159,193)
11	Blue	34;180	(34,180)
11	Blue	29;179	(29,179)
11	Blue	37;180	(37,180)
11	Blue	37;110	(37,110)
11	Blue	180;181	(180,181)
11	Blue	34;37	(34,37)
11	Blue	34;179	(34,179)
11	Blue	179;180	(179,180)
11	Blue	120;179	(120,179)
11	Blue	27;34	(27,34)
11	Blue	27;180	(27,180)
11	Blue	32;40	(32,40)
11	Blue	40;199	(40,199)
11	Blue	115;201	(115,201)
11	Blue	104;201	(104,201)
11	Blue	65;104	(65,104)
11	Blue	65;75	(65,75)
11	Blue	44;65	(44,65)
11	Blue	16;114	(16,114)
11	Blue	114;204	(114,204)
11	Blue	201;204	(201,204)
11	Blue	199;201	(199,201)
11	Blue	40;242	(40,242)
11	Blue	199;242	(199,242)
11	Blue	118;184	(118,184)
11	Blue	91;184	(91,184)
11	Blue	26;225	(26,225)
11	Blue	115;199	(115,199)
11	Blue	46;115	(46,115)
11	Blue	64;115	(64,115)
11	Blue	64;206	(64,206)
11	Blue	12;206	(12,206)
11	Blue	32;120	(32,120)
11	Blue	120;232	(120,232)
11	Blue	17;29	(17,29)
11	Blue	40;223	(40,223)
11	Blue	32;199	(32,199)
11	Blue	29;232	(29,232)
11	Blue	40;177	(40,177)
11	Blue	177;189	(177,189)
11	Blue	118;189	(118,189)
11	Blue	118;225	(118,225)
11	Blue	118;242	(118,242)
11	Blue	17;189	(17,189)
11	Blue	120;159	(120,159)
11	Blue	27;159	(27,159)
11	Blue	27;93	(27,93)
11	Blue	93;200	(93,200)
11	Blue	7;200	(7,200)
11	Blue	7;101	(7,101)
11	Blue	7;193	(7,193)
11	Blue	29;120	(29,120)
11	Blue	27;29	(27,29)
11	Blue	29;184	(29,184)
11	Blue	93;120	(93,120)
11	Blue	17;93	(17,93)
11	Blue	40;232	(40,232)
11	Blue	17;232	(17,232)
11	Blue	32;232	(32,232)
11	Blue	32;159	(32,159)
11	Blue	164;181	(164,181)
11	Blue	32;181	(32,181)
11	Blue	159;223	(159,223)
11	Blue	159;200	(159,200)
11	Blue	64;223	(64,223)
11	Blue	40;64	(40,64)
11	Blue	172;195	(172,195)
11	Blue	129;195	(129,195)
11	Blue	35;129	(35,129)
11	Blue	35;43	(35,43)
11	Blue	98;208	(98,208)
11	Blue	175;208	(175,208)
11	Blue	136;208	(136,208)
11	Blue	2;35	(2,35)
11	Blue	31;195	(31,195)
11	Blue	43;129	(43,129)
11	Blue	20;43	(20,43)
11	Blue	43;71	(43,71)
11	Blue	31;129	(31,129)
11	Blue	9;31	(9,31)
11	Blue	9;209	(9,209)
11	Blue	52;209	(52,209)
11	Blue	9;220	(9,220)
11	Blue	20;220	(20,220)
11	Blue	129;220	(129,220)
11	Blue	35;236	(35,236)
11	Blue	13;176	(13,176)
11	Blue	2;136	(2,136)
11	Blue	99;236	(99,236)
11	Blue	10;99	(10,99)
11	Blue	20;99	(20,99)
11	Blue	194;236	(194,236)
11	Blue	21;194	(21,194)
11	Blue	35;98	(35,98)
11	Blue	8;98	(8,98)
11	Blue	106;172	(106,172)
11	Blue	169;195	(169,195)
11	Blue	136;176	(136,176)
11	Blue	136;236	(136,236)
11	Blue	136;194	(136,194)
11	Blue	176;195	(176,195)
11	Blue	25;195	(25,195)
11	Blue	5;92	(5,92)
11	Blue	8;176	(8,176)
11	Blue	2;8	(2,8)
11	Blue	25;163	(25,163)
11	Blue	24;182	(24,182)
11	Blue	19;213	(19,213)
11	Blue	106;246	(106,246)
11	Blue	5;246	(5,246)
11	Blue	68;106	(68,106)
11	Blue	106;168	(106,168)
11	Blue	106;169	(106,169)
11	Blue	31;172	(31,172)
11	Blue	13;194	(13,194)
11	Blue	13;68	(13,68)
11	Blue	5;13	(5,13)
11	Blue	5;168	(5,168)
11	Blue	5;128	(5,128)
11	Blue	72;157	(72,157)
11	Blue	145;246	(145,246)
11	Blue	83;172	(83,172)
11	Blue	83;241	(83,241)
11	Blue	63;163	(63,163)
11	Blue	163;185	(163,185)
11	Blue	182;185	(182,185)
11	Blue	76;185	(76,185)
11	Blue	96;147	(96,147)
11	Blue	147;209	(147,209)
11	Blue	51;147	(51,147)
11	Blue	163;241	(163,241)
11	Blue	2;92	(2,92)
11	Blue	8;92	(8,92)
11	Blue	92;169	(92,169)
11	Blue	2;169	(2,169)
11	Blue	129;169	(129,169)
11	Blue	169;172	(169,172)
11	Blue	172;241	(172,241)
11	Blue	68;172	(68,172)
11	Blue	21;68	(21,68)
11	Blue	19;63	(19,63)
11	Blue	63;96	(63,96)
11	Blue	19;241	(19,241)
11	Blue	195;241	(195,241)
11	Blue	83;213	(83,213)
11	Blue	150;165	(150,165)
11	Blue	47;112	(47,112)
11	Blue	112;150	(112,150)
11	Blue	150;247	(150,247)
11	Blue	112;165	(112,165)
11	Blue	165;246	(165,246)
11	Blue	165;213	(165,213)
11	Blue	47;213	(47,213)
11	Blue	47;83	(47,83)
11	Blue	63;83	(63,83)
11	Blue	128;246	(128,246)
11	Blue	72;128	(72,128)
11	Blue	21;128	(21,128)
11	Blue	213;246	(213,246)
11	Blue	168;213	(168,213)
11	Blue	47;226	(47,226)
11	Blue	144;186	(144,186)
11	Blue	144;217	(144,217)
11	Blue	14;144	(14,144)
11	Blue	186;226	(186,226)
11	Blue	100;226	(100,226)
11	Blue	157;226	(157,226)
11	Blue	100;183	(100,183)
11	Blue	183;235	(183,235)
12	Blue	32;223	(32,223)
12	Blue	204;223	(204,223)
12	Blue	204;206	(204,206)
12	Blue	16;50	(16,50)
12	Blue	148;171	(148,171)
12	Blue	114;206	(114,206)
12	Blue	38;148	(38,148)
12	Blue	38;206	(38,206)
12	Blue	114;218	(114,218)
12	Blue	16;114	(16,114)
12	Blue	78;94	(78,94)
12	Blue	94;218	(94,218)
12	Blue	181;223	(181,223)
12	Blue	107;181	(107,181)
12	Blue	50;107	(50,107)
12	Blue	164;181	(164,181)
12	Blue	50;164	(50,164)
12	Blue	50;212	(50,212)
12	Blue	66;212	(66,212)
12	Blue	193;212	(193,212)
12	Blue	34;180	(34,180)
12	Blue	29;179	(29,179)
12	Blue	179;180	(179,180)
12	Blue	27;29	(27,29)
12	Blue	37;180	(37,180)
12	Blue	180;181	(180,181)
12	Blue	34;37	(34,37)
12	Blue	34;179	(34,179)
12	Blue	27;34	(27,34)
12	Blue	32;40	(32,40)
12	Blue	40;199	(40,199)
12	Blue	115;201	(115,201)
12	Blue	104;201	(104,201)
12	Blue	65;104	(65,104)
12	Blue	114;204	(114,204)
12	Blue	201;204	(201,204)
12	Blue	40;242	(40,242)
12	Blue	199;242	(199,242)
12	Blue	118;242	(118,242)
12	Blue	118;184	(118,184)
12	Blue	118;225	(118,225)
12	Blue	115;199	(115,199)
12	Blue	32;199	(32,199)
12	Blue	64;115	(64,115)
12	Blue	64;206	(64,206)
12	Blue	32;120	(32,120)
12	Blue	120;232	(120,232)
12	Blue	17;29	(17,29)
12	Blue	17;232	(17,232)
12	Blue	29;232	(29,232)
12	Blue	40;177	(40,177)
12	Blue	177;189	(177,189)
12	Blue	118;189	(118,189)
12	Blue	17;189	(17,189)
12	Blue	120;159	(120,159)
12	Blue	27;159	(27,159)
12	Blue	27;93	(27,93)
12	Blue	93;200	(93,200)
12	Blue	159;200	(159,200)
12	Blue	7;200	(7,200)
12	Blue	29;120	(29,120)
12	Blue	93;120	(93,120)
12	Blue	40;232	(40,232)
12	Blue	40;64	(40,64)
12	Blue	32;232	(32,232)
12	Blue	32;159	(32,159)
12	Blue	32;181	(32,181)
12	Blue	159;223	(159,223)
12	Blue	64;223	(64,223)
12	Blue	172;195	(172,195)
12	Blue	129;195	(129,195)
12	Blue	35;129	(35,129)
12	Blue	20;220	(20,220)
12	Blue	35;43	(35,43)
12	Blue	98;208	(98,208)
12	Blue	35;98	(35,98)
12	Blue	20;43	(20,43)
12	Blue	31;195	(31,195)
12	Blue	43;129	(43,129)
12	Blue	31;129	(31,129)
12	Blue	9;31	(9,31)
12	Blue	9;209	(9,209)
12	Blue	9;220	(9,220)
12	Blue	2;136	(2,136)
12	Blue	136;236	(136,236)
12	Blue	99;236	(99,236)
12	Blue	194;236	(194,236)
12	Blue	8;98	(8,98)
12	Blue	106;172	(106,172)
12	Blue	169;195	(169,195)
12	Blue	136;176	(136,176)
12	Blue	176;195	(176,195)
12	Blue	195;241	(195,241)
12	Blue	5;92	(5,92)
12	Blue	8;92	(8,92)
12	Blue	182;185	(182,185)
12	Blue	106;246	(106,246)
12	Blue	5;246	(5,246)
12	Blue	68;106	(68,106)
12	Blue	13;68	(13,68)
12	Blue	5;13	(5,13)
12	Blue	5;128	(5,128)
12	Blue	72;128	(72,128)
12	Blue	83;172	(83,172)
12	Blue	83;241	(83,241)
12	Blue	63;163	(63,163)
12	Blue	163;185	(163,185)
12	Blue	96;147	(96,147)
12	Blue	63;96	(63,96)
12	Blue	163;241	(163,241)
12	Blue	2;92	(2,92)
12	Blue	2;169	(2,169)
12	Blue	169;172	(169,172)
12	Blue	172;241	(172,241)
12	Blue	68;172	(68,172)
12	Blue	19;63	(19,63)
12	Blue	19;241	(19,241)
12	Blue	83;213	(83,213)
12	Blue	150;165	(150,165)
12	Blue	112;150	(112,150)
12	Blue	112;165	(112,165)
12	Blue	165;213	(165,213)
12	Blue	47;213	(47,213)
12	Blue	47;83	(47,83)
12	Blue	128;246	(128,246)
12	Blue	213;246	(213,246)
12	Blue	47;226	(47,226)
12	Blue	144;186	(144,186)
12	Blue	186;226	(186,226)
12	Blue	100;226	(100,226)
12	Blue	100;183	(100,183)
